"","hs_cotinine_adj_ln_iqr","hs_as_m_log2_iqr","hs_cd_m_log2_iqr","hs_co_m_log2_iqr","hs_cs_m_log2_iqr","hs_cu_m_log2_iqr","hs_hg_m_log2_iqr","hs_mn_m_log2_iqr","hs_mo_m_log2_iqr","hs_pb_m_log2_iqr","hs_dde_adj_log2_iqr","hs_ddt_adj_log2_iqr","hs_hcb_adj_log2_iqr","hs_pcb118_adj_log2_iqr","hs_pcb138_adj_log2_iqr","hs_pcb153_adj_log2_iqr","hs_pcb170_adj_log2_iqr","hs_pcb180_adj_log2_iqr","hs_dep_adj_log2_iqr","hs_detp_adj_log2_iqr","hs_dmdtp_adj_log2_iqr","hs_dmp_adj_log2_iqr","hs_dmtp_adj_log2_iqr","hs_pbde153_adj_log2_iqr","hs_pbde47_adj_log2_iqr","hs_pfhxs_m_log2_iqr","hs_pfna_m_log2_iqr","hs_pfoa_m_log2_iqr","hs_pfos_m_log2_iqr","hs_pfunda_m_log2_iqr","hs_bpa_adj_log2_iqr","hs_bupa_adj_log2_iqr","hs_etpa_adj_log2_iqr","hs_mepa_adj_log2_iqr","hs_oxbe_adj_log2_iqr","hs_prpa_adj_log2_iqr","hs_trcs_adj_log2_iqr","hs_mbzp_adj_log2_iqr","hs_mecpp_adj_log2_iqr","hs_mehhp_adj_log2_iqr","hs_mehp_adj_log2_iqr","hs_meohp_adj_log2_iqr","hs_mep_adj_log2_iqr","hs_mibp_adj_log2_iqr","hs_mnbp_adj_log2_iqr","hs_ohminp_adj_log2_iqr","hs_oxominp_adj_log2_iqr","cohortBiB","cohortINMA","cohortKANC","cohortRHEA","smokingYes","mother_bmiUnderweight","mother_bmiOverweight","mother_bmiObesity","mother_age","mother_eduSecondary","mother_edu>=University","parity1_child","parity2_or_more_children","conception_trimApril-June","conception_trimJuly-Sept","conception_trimOct-Dec","mother_workEmployed","child_age","sexMale"
"1",0,0,0,0,0,0,0,0,0,-0.0143258335213837,0,0,0,0,0,0,0,0,0,0,0,0,0,0,0,0,0,0,0,0,0,0,0,0,0,0,0,0,0,0,0,0,0,0,0,0,0,-0.256124905340291,0.217874492716944,-0.110188534336932,-0.17738933869261,0.123102090966925,-0.185933552358352,-0.149732612992899,0.0100089169080198,0.00153494849087803,-0.0774476245020923,-0.252371155431202,-0.230674893522586,-0.0907638477842771,0.0144282600390159,-0.0708678379560896,-0.0287470480063456,-0.141513004578197,0.0378243730815309,0.0687724912916538
"2",0,0,0,0.0182654418168195,0,0,0,0,0,0,0,0,0,0,0,0,0,0,0,0,0,0,0,0,0,0,0,0,0,0,0,0,0,0,0,0,0,0,0,0,0,0,0,0,0,0,0,-0.255162304794083,0.21989248689604,-0.107120465935583,-0.172198339917683,0.127405290654614,-0.172296816742681,-0.155352238616864,0.0225789593829402,0.000562909541803526,-0.0814856923930853,-0.220566356269325,-0.239445262270797,-0.0885863059153683,0.0219636400806049,-0.0585991563124775,-0.0250184393114846,-0.161009195462386,0.0397268732039032,0.0695180528831523
"3",0,0,0,0,0,0,0,0,0,0,0,0,0,0,0,0,0,0,0,0.00186934116372104,0,0,0,0,0,0,0,0,0,-0.00115916093678807,0,0,0,0,0,0,0,0,0,0,0,0,0,0,0,0,0,-0.232630900224363,0.225610577056576,-0.104962692019297,-0.177292408453132,0.135050307596332,-0.184705982811017,-0.153349292990152,0.013935942005278,0.00127400298628867,-0.0560385153151779,-0.225236325347785,-0.24984579284117,-0.0977946913269231,0.0283047186854983,-0.0613088011499895,-0.020902368495667,-0.137729677587573,0.0431300028651226,0.0691930448999821
"4",0,0,0,0,0,0,0,0,0,0,0,0,0,0,0,0,0,0,0,0,0,0,0,0,0,0,0,0,0,0,0,0,0,0,0,0,0,0,0,0,0,0,0,0,0,0,0,-0.2403991258687,0.221463944881027,-0.10287494245027,-0.178756327937335,0.128133075544023,-0.186417145448542,-0.149685825355461,0.0269973564947226,0.00139697745537131,-0.0892410357908524,-0.240929683906126,-0.246809307202626,-0.0922386775327997,0.0214160633870053,-0.0635314805032021,-0.0319118887281124,-0.157187805794957,0.044489082952015,0.0701621761384744
"5",0,0,0,0,0,0,0,0,0,-0.0048363114498841,0,0,0,0,0,0,0,0,0,0,0,0,0,0,0,0,0,0,0,0,0,0,0,0,0,0,0,0,0,0,0,0,0,0,0,0,0,-0.257351813537162,0.223597977683779,-0.0977097987913729,-0.181361998456807,0.121021848046611,-0.18802752752323,-0.154181479219808,0.00553928543421591,0.000552619590890657,-0.085059771345501,-0.249219420316879,-0.238852143831225,-0.107840405211662,0.0113645137118862,-0.064054338980849,-0.0297796997977243,-0.152645044889272,0.0441026877103402,0.0714746648661387
"6",0,0,0,0,0,0,0,0,0,0,0,0,0,0,0,0,0,0,0,0,0,0,0,0.00716932603160513,0,0,0,0,0,0,0,0,0,0,0,0,0,0,0,0,0,0,0,0,0,0,0,-0.241736352907542,0.212388441042978,-0.107880693595006,-0.168433184609545,0.125540587995154,-0.182394748757118,-0.152753895910846,0.0124509474551591,-0.000761749895522038,-0.0787964632259684,-0.217236234765309,-0.219236089190656,-0.0750012046900489,0.0188885754032545,-0.0644975556758386,-0.0293511408214173,-0.130491906574404,0.0382498182262937,0.0710120995440174
"7",0,0,0,0,0,0,0,0,0,0,0,0,0,0,0,0,0,0,0,0,0,0,0,0,0,0,0,0,0,0,0,0,0,0,0,0,0,0,0,0,0,0,0,0,0,0,0,-0.241366462000714,0.212884528082336,-0.105378783199329,-0.169732313743282,0.124172436391213,-0.163323703828149,-0.144643548600912,0.0227180761146896,0.000774893516542199,-0.0922987076634738,-0.236238209086117,-0.221729845977774,-0.0853563710477941,0.0204580025255717,-0.0598017473724454,-0.0243681048184159,-0.146433982472972,0.0369563809564201,0.0711634575421639
"8",0,0,0,0.0122158749343514,0,0,0,0,0,0,0,0,0,0,0,0,0,0,0,0,0,0,0,0,0,0,0,0,0,0,0,0,0,0,0,0,0,0,0,0,0,0,0,0,0,0,0,-0.264801473764431,0.225298554246291,-0.105105285293362,-0.181578331601738,0.111634369323648,-0.189826730728976,-0.157418699610878,0.0170180980666295,0.00163307590316919,-0.0801161795258269,-0.257306778698968,-0.242528543091441,-0.103674037752667,0.0174384917770095,-0.0689550007020354,-0.0334565992911504,-0.153713380779092,0.0435241894343568,0.0715558252058575
"9",0,0,0,0,0,0,0,0,0,0,0,0,0,0,0,0,0,0,0,0,0,0,0,0,0,0,0,0,0,0,0,0,0,0,0,0,0,0,0,0,0,0,0,0,0,0,0,-0.251133743895813,0.215794796715255,-0.104515874585195,-0.185490410109686,0.108223389905099,-0.207269621042517,-0.141467137633877,0.00433227452176631,0.0017262482677511,-0.0675259371033839,-0.249492483117578,-0.240627872041949,-0.0972543469319189,0.0130343866873476,-0.0632257179926826,-0.0263014702003762,-0.158487131128545,0.0464471265955384,0.0693168638172579
"10",0,0,0,0,0,0,0,0,0,0,0,0,0,0,0,0,0,0,0,0,0,0,0,0,0,0,0,0,0,0,0,0,0,0,0,0,0,0,0,0,0,0,0,0,0,0,0,-0.273302471239969,0.219785427806767,-0.111799905667976,-0.179202302834203,0.107398783521392,-0.210392045018291,-0.14775356557985,0.015510587720976,0.00221313900595798,-0.0911966109244269,-0.242641082282389,-0.246983527206305,-0.110129503327169,0.0292793087074825,-0.0536989274386643,-0.0186537931231821,-0.189810103015672,0.0428085114080852,0.0703299124745943
"11",0,0,0,0,0,0,0,0,0,0,0,0,0,0,0,0,0,0,0,0,0,0,0,0,0,0,0,0,0,0,0,0,0,0,0,0,0,0,0,0,0,0,0,0,0,0,0,-0.257184241825648,0.214605792249674,-0.107407438654064,-0.176250803050183,0.112517590963492,-0.183554003323211,-0.1422796851066,0.0160291652150564,0.00162059763548967,-0.0944589395633639,-0.249533078052139,-0.243981443038189,-0.0995108188876486,0.0171646130645375,-0.0673124958098811,-0.0348539414032412,-0.138369276496576,0.0386998557560118,0.0709649912089028
"12",0,0,0,0,0,0,0,0,0,0,0,0,0,0,0,0,0,0,0,0,0,0,0,0,0,0,0,0,0,0,0,0,0,0,0,0,0,0,0,0,0,0,0,0,0,0,0,-0.259190594265099,0.233491255098281,-0.100193074052387,-0.18602677755742,0.118495559852517,-0.170470857724471,-0.162167189401779,0.00837806307749844,0.00114384102889936,-0.0913725452295293,-0.26216759344681,-0.245541894194264,-0.0996615669335872,0.0192746247039996,-0.0768493279316529,-0.0362153801497781,-0.156033619187704,0.0478001919115737,0.0689173599120483
"13",0,0,0,0,0,0,0,0,0,0,0,0,0,0,0,0,0,0,0,0,0,0,0,0,0,0,0,0,0,0,0,0,0,0,0,0,0,0,0,0,0,0,0,0,0,0,0,-0.238428450745305,0.223756594989408,-0.109717958105966,-0.185020944019675,0.106522508758173,-0.187737601714645,-0.158488373933032,0.00804276666103448,0.00115643922348323,-0.0777037497383986,-0.258265547884124,-0.233730047321834,-0.0967554144694057,0.0164240089949117,-0.0717223236683752,-0.0353683117556675,-0.155331285988612,0.0435738295305999,0.0693684025879267
"14",0,0,0,0,0,0,0,0,0,0,0,0,0,0,0,0,0,0,0,0.00498438770342712,0,0,0,0,0,0,0,0,0,0,0,0,0,0,0,0,0,0,0,0,0,0,0,0,0,0,0,-0.235712957024436,0.226085124147581,-0.106641260760194,-0.171248584194302,0.131158778282361,-0.163804287508577,-0.141923054746232,0.016352175288034,0.000908452510507732,-0.0887514695937846,-0.23160902734694,-0.243773363432353,-0.104757984859448,0.0256990596342362,-0.0610699305576127,-0.0238674444081218,-0.146370727864838,0.0382750340845485,0.0686798310788571
"15",0,0,0,0,0,0,0,0,0,0,0,0,0,0,0,0,0,0,0,0,0,0,0,0,0,0,0,0,0,0,0,0,0,0,0,0,0,0,0,0,0,0,0,0,0,0,0,-0.25517015681268,0.221693010685941,-0.107379813774921,-0.178545578633371,0.116447576304073,-0.187335213047607,-0.145291016624611,0.00563766468512868,0.000502798950761222,-0.0723080761400451,-0.242077629602431,-0.235583654182504,-0.0777912771244599,0.0118847813713105,-0.0680880327894376,-0.0250886916545422,-0.157190180613245,0.045625539935987,0.0694547872794836
"16",0,0,0,0,0,0,0,0,0,0,0,0,0,0,0,0,0,0,0,0,0,0,0,0,0,0,0,0,0,0,0,0,0,0,0,0,0,0,0,0,0,0,0,0,0,0,0,-0.267175288073689,0.222044661458551,-0.114830321541363,-0.177198339132917,0.124788521232976,-0.187760512796256,-0.151552976413551,0.0115941849894105,0.0019180510484149,-0.0706717302150779,-0.238108531987726,-0.238454663459746,-0.101565181996188,0.0237724318152932,-0.0672924204505471,-0.0353389304161269,-0.176326739622854,0.0424759655295353,0.0731233856246477
"17",0,0,0,0.0444371747261901,0,0,0,0,0,0,0,0,0,0,0,0,0,0,0,0,0,0,0,0,0,0,0,0,0,0,0,0,0,0,0,0,0,0,0,0,0,0,0,0,0,0,0,-0.252755946593659,0.223222669435336,-0.106098355400592,-0.205105982177176,0.117917235915583,-0.20616940508269,-0.150329592600782,-0.00490311706745326,0.00118600420360895,-0.0974377927508214,-0.266765140601585,-0.23081044492107,-0.109631200442463,0.0113369627343524,-0.0696970605859668,-0.0284514858150337,-0.115394838352708,0.0427421230402835,0.0679877951350735
"18",0,0,0,0,0,0,0,0,0,-0.000841489178786594,0,0,0,0,0,0,0,0,0,0,0,0,0,0,0,0,0,0,0,0,0,0,0,0,0,0,0,0,0,0,0,0,0,0,0,0,0,-0.245508428555735,0.212098327997626,-0.108853961132796,-0.173049478629004,0.120174793610444,-0.178794254305388,-0.131699089221436,0.0277725213536675,0.00153736668117792,-0.0924506317910335,-0.24125090075643,-0.24205289629995,-0.0987518042397861,0.0171287806379827,-0.0623255115676702,-0.0272529389246453,-0.133536003581404,0.0372522698337656,0.0657206766251399
"19",0,0,0,0,0,0,0,0,0,0,0,0,0,0,0,0,0,0,0,0,0,0,0,0,0,0,0,0,0,0,0,0,0,0,0,0,0,0,0,0,0,0,0,0,0,0,0,-0.25847649003382,0.226960595049713,-0.105193858197057,-0.186494123942953,0.123933871316145,-0.186099576129143,-0.142716135931362,-0.000432177910005125,0.00114444446519252,-0.0875976477729605,-0.265506338826613,-0.239903366447383,-0.100600004323382,0.0263223654161001,-0.0637198515384036,-0.0249594421310827,-0.135874637354856,0.0440533834638506,0.0704315714208469
"20",0,0,0,0,0,0,0,0,0,0,0,0,0,0,0,0,0,0,0,0,0,0,0,0,0,0,0,0,0,0,0,0,0,0,0,0,0,0,0,0,0,0,0,0,0,0,0,-0.254691388525296,0.225263672024138,-0.101600130713094,-0.177330394568212,0.133482503385218,-0.188889020319898,-0.152305434746938,0.0150489064526163,0.00122525099193043,-0.0989987985393774,-0.239290807469973,-0.237531777841445,-0.0890523460617691,0.0212346953329059,-0.0605491476245527,-0.0288790659768943,-0.157700329878137,0.0427175195701405,0.0701150124711206
"21",0,0,0,0.0400027176203318,0,0,0,0,0,0,0,0,0,0,0,0,0,0,0,0,0,0,0,0,0,0,0,0,0,0,0,0,0,0,0,0,0,0,0,0,0,0,0,0,0,0,0,-0.286738310130926,0.238641145016717,-0.11268720995942,-0.193253355333297,0.120508345139065,-0.210714572183073,-0.151961772682773,0.0042925695955731,0.00209969110252404,-0.114238375855148,-0.278004739825966,-0.241672413423301,-0.119283554993757,0.0161514854823592,-0.0798100434192237,-0.0372961270928749,-0.180859813824623,0.0404578610187005,0.0628640211391105
"22",0,0,0,0,0,0,0,0,0,0,0,0,0,0,0,0,0,0,0,0.00310258962050806,0,0,0,0,0,0,0,0,0,0,0,0,0,0,0,0,0,0,0,0,0,0,0,0,0,0,0,-0.228404577316929,0.215138358463558,-0.107285641561196,-0.169593371204796,0.125424355868581,-0.166348005624358,-0.144501324507668,0.0185785251910756,0.000668081529794644,-0.0541898005704396,-0.197292367763552,-0.242051491767521,-0.0931306509489077,0.0203905176379925,-0.0592596556723237,-0.0340277101886938,-0.152760305725005,0.0417745778077856,0.0674488905265433
"23",0,0,0,0,0,0,0,0,0,0,0,0,0,0,0,0,0,0,0,0,0,0,0,0,0,0,0,0,0,0,0,0,0,0,0,0,0,0,0,0,0,0,0,0,0,0,0,-0.253231592512091,0.224221324205514,-0.105516991223152,-0.181928394381668,0.116533934313315,-0.187536959897505,-0.163150446213835,0.0208328963071141,0.00088726489692958,-0.0897904147887899,-0.257238446249826,-0.232225657928457,-0.095283837295535,0.0206382235626162,-0.0645816078340588,-0.0293139277257951,-0.142440698284127,0.0429390511576129,0.0698524000280523
"24",0,0,0,0,0,0,0,0,0,-0.0350881017822402,0,0,0,0,0,0,0,0,0,0,0,0,0,0,0,0,0,0,0,0,0,0,0,0,0,0,0,0,0,0,0,0,0,0,0,0,0,-0.251078588195531,0.225203884826832,-0.103666616343157,-0.167733488998711,0.141539032068453,-0.189282633176758,-0.148138489080385,0.0132631061890725,0.00112268216117164,-0.0842147227837544,-0.240432589446373,-0.245584337470987,-0.0905922791191865,0.0111016763251118,-0.0720933224144827,-0.0168573188444066,-0.135923774301377,0.0460684571168243,0.0706575815641207
"25",0,0,0.00232319229725076,0.0656509945494416,0,0,0,0,-0.011279505572548,0,0,0,0,-0.050352785840721,0,0,0,0,0,0.0600411015083907,0,0,0,0.0561229918144967,0,0,0,0,-0.0217348254591734,-0.024736243594566,0.0113268515389295,0.047970267653435,0,0,0,0,0.0131866396216393,0,0,0,0,0,0,0,0,-0.0293805344910193,0,-0.39956827888004,0.186433981694541,-0.101320644806151,-0.321437285177201,0.116762997663729,-0.245642598963519,-0.153866332940899,0.016719440649537,0.000778990945841351,-0.120256079190901,-0.276835449871606,-0.243543933823255,-0.119580119205024,0.0147100675649147,-0.0760139382599021,-0.0296797292855592,-0.180158600271945,0.0863262897407072,0.0725495548585888
"26",0,0,0,0,0,0,0,0,0,0,0,0,0,0,0,0,0,0,0,0,0,0,0,0.000289895228447075,0,0,0,0,0,0,0,0,0,0,0,0,0,0,0,0,0,0,0,0,0,0,0,-0.241967959853794,0.228650434465796,-0.103390647166037,-0.175372505463949,0.121755448163988,-0.186952678837247,-0.151482156104319,0.00647047315202583,0.00123546711317102,-0.0846797889062971,-0.233189288903875,-0.242815600858199,-0.100849574981422,0.0267877967063585,-0.0628788491852415,-0.0239471722595886,-0.165974225294384,0.043116246627109,0.0682501197552816
"27",0,0,0,0,0,0,0,0,0,0,0,0,0,0,0,0,0,0,0,0,0,0,0,0,0,0,0,0,0,0,0,0,0,0,0,0,0,0,0,0,0,0,0,0,0,0,0,-0.283045841582206,0.228394330651036,-0.10198391768272,-0.189618459990202,0.128593313364009,-0.210117281306244,-0.14808001409562,0.00547551398950727,0.000591681077570918,-0.152796361818986,-0.308517153993072,-0.235325368892122,-0.0928165583888702,0.0143487805151216,-0.0718965554097522,-0.0328684689344004,-0.132997896344428,0.0424113741024772,0.0684340284996634
"28",0,0,0,0,0,0,0,0,0,-0.00462201314405464,0,0,0,0,0,0,0,0,0,0,0,0,0,0,0,0,0,0,0,0,0,0,0,0,0,0,0,0,0,0,0,0,0,0,0,0,0,-0.231874438684163,0.215861894475414,-0.11273001484554,-0.165794179208997,0.130284094403609,-0.186026965406171,-0.147597338261127,0.011229122353323,0.00127577877274056,-0.0822754423697899,-0.219907796891456,-0.222092473890271,-0.0887214199049128,0.0137589319089871,-0.0689802689058323,-0.0288537612852724,-0.156751692383686,0.0381255445546413,0.07163533547476
"29",0,0,0,0,0,0,0,0,0,0,0,0,0,0,0,0,0,0,0,0,0,0,0,0,0,0,0,0,0,0,0,0,0,0,0,0,0,0,0,0,0,0,0,0,0,0,0,-0.232769734851508,0.215941694707348,-0.109008108301727,-0.17631924204589,0.114240473591148,-0.156558217455673,-0.142296746157518,0.0203082512290011,0.00122173639038203,-0.0525549669362222,-0.228823419474278,-0.230162299419657,-0.102059406467544,0.0281294566399217,-0.0583250238681292,-0.0203673952654778,-0.137901390201317,0.0396278892637048,0.0672618489369208
"30",0,0,0,0.0487959417366027,0,0,0,0,0,0,0,0,0,0,0,0,0,0,0,0,0,0,0,0,0,0,0,0,0,0,0,0,0,0,0,0,0,0,0,0,0,0,0,0,0,0,0,-0.304074418221266,0.230171446659687,-0.0899860557535013,-0.21785387161059,0.109409093330566,-0.208537908361133,-0.145470218627093,0.0110517693999728,0.000334803801130455,-0.155678954762341,-0.311061782898618,-0.241582627518637,-0.100719601835579,0.0102259319250467,-0.0760371411284154,-0.0327574797487546,-0.145906040355615,0.0522481800675486,0.0700108342780776
"31",0,0,0,0,0,0,0,0,0,0,0,0,0,0,0,0,0,0,0,0,0,0,0,0,0,0,0,0,0,0,0,0,0,0,0,0,0,0,0,0,0,0,0,0,0,0,0,-0.251330742443536,0.221130046702819,-0.105683162170129,-0.174415787411199,0.120522038295338,-0.188628748397798,-0.152802033400926,0.00880204710814307,0.000891043003832738,-0.100897500422278,-0.242191223069399,-0.232426206206322,-0.0840352018789378,0.0173104786759886,-0.0667015768599345,-0.0287681535290521,-0.154271411800455,0.0406813003129644,0.0713735100478292
"32",0,0,0,0,0,0,0,0,0,-0.00608542019197371,0,0,0,0,0,0,0,0,0,0,0,0,0,0,0,0,0,0,0,0,0,0,0,0,0,0,0,0,0,0,0,0,0,0,0,0,0,-0.242105998880107,0.213346696652931,-0.11145272528828,-0.164228345385631,0.131033602514322,-0.182172316250182,-0.144977957658394,0.0279626189078768,0.000690296577045662,-0.0908997831796328,-0.232273812300832,-0.231015029139421,-0.0885036501033458,0.0217645345557286,-0.0616922904557633,-0.0359762327081297,-0.146757172513197,0.0364007681885349,0.0709577818110732
"33",0,0,0,0,0,0,0,0,0,0,0,0,0,0,0,0,0,0,0,0,0,0,0,0,0,0,0,0,0,0,0,0,0,0,0,0,0,0,0,0,0,0,0,0,0,0,0,-0.245650611329202,0.20997331086898,-0.1005953039424,-0.174893085732201,0.116816732567911,-0.189807935773206,-0.145503126055369,0.0361656536212748,0.000956011745915126,-0.0905232707085881,-0.234462632379039,-0.249160620832874,-0.0844719562351116,0.0236238034999865,-0.0647835217602472,-0.026189716179114,-0.128099668317478,0.0415838999937972,0.0674518123461174
"34",0,0,0,0,0,0,0,0,0,0,0,0,0,0,0,0,0,0,0,0,0,0,0,0,0,0,0,0,0,0,0,0,0,0,0,0,0,0,0,0,0,0,0,0,0,0,0,-0.237191425934708,0.224717595378005,-0.0988626308619783,-0.176482062718632,0.119669007065193,-0.185874177236435,-0.152444779094251,-0.000865595285492941,0.000625674223313953,-0.0724806915583401,-0.238681181836997,-0.21930379469703,-0.0838922518134432,0.0170987452713561,-0.0713480089997883,-0.0259907025895925,-0.143923410842426,0.0442842712273426,0.0721820549662153
"35",0,0,0,0,0,0,0,0,0,0,0,0,0,0,0,0,0,0,0,0,0,0,0,0,0,0,0,0,0,0,0,0,0,0,0,0,0,0,0,0,0,0,0,0,0,0,0,-0.235824475399764,0.21110506408207,-0.104106869474971,-0.17638329600145,0.11032585249153,-0.17777554506166,-0.14192882571533,0.0233594355448385,0.000608550085199348,-0.0793495721896396,-0.239959178028658,-0.233654882843533,-0.100255827914456,0.0204755436029249,-0.0626704855665177,-0.0283819960116989,-0.119981781109481,0.0392074539854542,0.0670341526009317
"36",0,0,0,0,0,0,0,0,0,0,0,0,0,0,0,0,0,0,0,0,0,0,0,0,0,0,0,0,0,0,0,0,0,0,0,0,0,0,0,0,0,0,0,0,0,0,0,-0.241728989944519,0.218682461808457,-0.112305816805739,-0.175777967545593,0.126038225886218,-0.187074414862845,-0.158094490249644,0.0132916005491156,0.00158381580837153,-0.0693249020094533,-0.220304078583983,-0.232659752775678,-0.0958902137507192,0.0318441838996773,-0.0551996600172205,-0.0166692941825742,-0.170160518391763,0.0418046456250013,0.0698390941622908
"37",0,0,0.0360400274402914,0.0744732029055185,0,-0.0894171337511505,0,0.0860129680919131,-0.0334660247116234,0,0,0,-0.0147011382102908,0,0,0,0,0,0,0.0215594611446576,0,0,0,0.0374535909927939,0,0,0,0,-0.0385136175886926,-0.012883100026839,0.00279155787939477,0.0436438844027818,0,0,0,-0.020628432262548,0.0366239833278872,0,0.0757387915630696,0,0,-0.0315462676951688,0,0,0,0,0,-0.376494907212609,0.104800617018704,-0.127013937453719,-0.253386667328552,0.11172781209034,-0.238410683298666,-0.158032699021587,0.0612919214733713,-0.000502229731741839,-0.12554200650277,-0.256385025454288,-0.202156346176454,-0.120377111735627,-0.00322834136891633,-0.0900630188400928,-0.0252383374675937,-0.171401269478561,0.0552808217742065,0.0676749434296279
"38",0,0,0,0,0,0,0,0,0,0,0,0,0,0,0,0,0,0,0,0,0,0,0,0,0,0,0,0,0,0,0,0,0,0,0,0,0,0,0,0,0,0,0,0,0,0,0,-0.246327497735441,0.217572378223978,-0.108215019911498,-0.171888661399237,0.115884922908685,-0.186199833511248,-0.149796906276444,0.0094913370445133,0.00107607532120065,-0.0784366497041019,-0.229653863959665,-0.229722739939037,-0.0850418550455512,0.0209205717670306,-0.0619254671404696,-0.0242720648085633,-0.157220486189467,0.0398164235519278,0.0702064672644614
"39",0,0,0,0,0,0,0,0,0,0,0,0,0,0,0,0,0,0,0,0,0,0,0,0,0,0,0,0,0,0,0,0,0,0,0,0,0,0,0,0,0,0,0,0,0,0,0,-0.260289886387079,0.221986729244063,-0.105899481307575,-0.183081349080949,0.122038255070432,-0.187748226669513,-0.160680772169439,0.0169933519320634,0.000746777705873615,-0.129751312608253,-0.288988048027749,-0.223906401356495,-0.0917466395826805,0.0207874305050951,-0.0707343265895961,-0.0387436617213729,-0.111992886775535,0.0379226213957516,0.0686262399684536
"40",0,0,0,0,0,0,0,0,0,0,0,0,0,0,0,0,0,0,0,0,0,0,0,0,0,0,0,0,0,0,0,0,0,0,0,0,0,0,0,0,0,0,0,0,0,0,0,-0.229795587620734,0.217597881331979,-0.108434796646221,-0.169488899494486,0.132050135880639,-0.185480962191373,-0.151068356275365,0.0157481275093822,0.000121551793252664,-0.0923615081085766,-0.235620206205478,-0.227766502761717,-0.0840607200683916,0.0138620597886136,-0.062037980358136,-0.029694066836644,-0.12822742887931,0.0367905648347098,0.0686765927377721
"41",0,0,0,0.0313135505265932,-0.0043546609994677,0,0,0.10319238191874,-0.0119677764538594,-0.031674324136788,0,0,0,0,0,0,0,0,0,0.0148195302627518,0,0,0,0,0,0,0,0,-0.0226420784188012,0,0,0.0351424866691488,0,-0.00391796425101745,0,0,0.0171836707503707,0,0,0,0,0,0,0,0,0,0,-0.320754704387776,0.139044571483954,-0.104278120451164,-0.239439383194248,0.128429227545634,-0.218378725703256,-0.161014800557103,0.0108543326600415,0.00170645303173102,-0.127656983503056,-0.304640076641421,-0.232143614136415,-0.120213004764784,0.010295591257927,-0.0722764515989127,-0.0243928399409098,-0.12913529722665,0.0510342447343908,0.0841750580507254
"42",0,0,0,0,0,0,0,0,0,0,0,0,0,0,0,0,0,0,0,0,0,0,0,0,0,0,0,0,0,0,0,0,0,0,0,0,0,0,0,0,0,0,0,0,0,0,0,-0.25642368493808,0.22115860864425,-0.114633154279005,-0.178617882650772,0.127933771965282,-0.215193869680782,-0.15512923112084,0.00644472936478187,0.00108307299171133,-0.0877055018028277,-0.259149572625189,-0.226179268283146,-0.0917250528452218,0.0177540647971757,-0.0665881300376498,-0.0324561286321288,-0.145065826622177,0.0385868084643026,0.0716576444866634
"43",0,0,0,0,0,0,0,0,0,0,0,0,0,0,0,0,0,0,0,0,0,0,0,0,0,0,0,0,0,0,0,0,0,0,0,0,0,0,0,0,0,0,0,0,0,0,0,-0.228240151068431,0.221140237898219,-0.106679471117414,-0.168655078646515,0.129753595807307,-0.1837384746972,-0.161269584426302,0.0144157929348737,0.000338002275022823,-0.0654375579561064,-0.212294544726887,-0.23484376788718,-0.0895630115461512,0.0173351479937717,-0.063664811627085,-0.0324706873329305,-0.134970713502541,0.0399020072709187,0.0706399125874871
"44",-0.0317817832842427,0,0.0460704319059765,0.0718139254132182,0,-0.0847397028957532,0,0.0817811449171529,-0.0199100829464655,-0.0949383454943425,0,0,0,0.0576765761368391,0,0,0,0,-0.00171090819899446,0.0876387637179144,-0.0907207246412114,0,0.0418619593516878,0,0,0,0,0,-0.0358953619898169,-0.108933141970002,0.00104631833735261,0.0529707424787818,0,-0.0102152382490249,0,0,0.0260377877528796,0.00427941602931355,0,-0.0640107386931489,0.0751805428708479,0,0,0,0.000493073712927634,-0.0297477228330874,0,-0.501811091561099,0.193570823555864,0.0040102626939646,-0.116608508775805,0.144173098328611,-0.315422726217154,-0.203793573968676,0.0148647238821123,0.00268222535942229,-0.110171922406506,-0.310808609722553,-0.254392119142864,-0.121995308490148,-0.0418239393535925,-0.0947910042058454,-0.0714583797842231,-0.18614665332601,0.0663259192368625,0.117866989285992
"45",0,0,0,0.0491520552666437,0,0,0,0,0,0,0,0,0,0,0,0,0,0,0,0,0,0,0,0,0,0,0,0,0,0,0,0,0,0,0,0,0,0,0,0,0,0,0,0,0,0,0,-0.266031441003391,0.225964063796434,-0.109720222771611,-0.211998616047022,0.120870547587318,-0.21259808060585,-0.153198883880824,0.000143000436302882,0.00178378676576326,-0.0791864451256038,-0.254457404398141,-0.244981169334524,-0.1139654069949,0.0211936500969759,-0.0703611887018908,-0.0263701438728475,-0.130177285246071,0.0403998176756609,0.0740651699771683
"46",0,0,0,0,0,0,0,0,0,0,0,0,0,0,0,0,0,0,0,0,0,0,0,0,0,0,0,0,0,0,0,0,0,0,0,0,0,0,0,0,0,0,0,0,0,0,0,-0.295465147148397,0.228287095975335,-0.104931530072479,-0.192387150871824,0.111742190108762,-0.217332142927578,-0.155134212609393,0.0123820562539404,0.00150475901934065,-0.136647137088354,-0.302686661194024,-0.241033984785908,-0.101698609707184,0.0152539483373465,-0.0735220894333999,-0.032961427597452,-0.16116108440927,0.0448580568181128,0.0693543011613678
"47",0,0,0,0,0,0,0,0,0,0,0,0,0,0,0,0,0,0,0,0,0,0,0,0,0,0,0,0,0,0,0,0,0,0,0,0,0,0,0,0,0,0,0,0,0,0,0,-0.233381288867895,0.217186074714599,-0.105766415410452,-0.175586983832769,0.126521340712307,-0.183705881997096,-0.139524177755638,0.0130440866237088,0.000345924505818664,-0.0919415711842841,-0.23274489927167,-0.23416388514861,-0.0999802721326544,0.0175271337200808,-0.0549398581538004,-0.0241783384851617,-0.13710871360077,0.0393509803616872,0.0687110092449742
"48",0,0,0,0,0,0,0,0,0,-0.0122985607741904,0,0,0,0,0,0,0,0,0,0,0,0,0,0,0,0,0,0,0,0,0,0,0,0,0,0,0,0,0,0,0,0,0,0,0,0,0,-0.248917290640662,0.220225114101642,-0.105058612308803,-0.172109280406846,0.127204251866757,-0.200714305024544,-0.143209933567088,0.0287050590195052,0.00108211225358525,-0.0961941896672742,-0.243627522030888,-0.232031619044704,-0.0943990417767715,0.0229025264567241,-0.0586897051656774,-0.021678989343816,-0.151263923720749,0.0419757179546857,0.0685252078181824
"49",0,0,0,0,0,0,0,0,0,0,0,0,0,0,0,0,0,0,0,0,0,0,0,0,0,0,0,0,0,0,0,0,0,0,0,0,0,0,0,0,0,0,0,0,0,0,0,-0.230905135247374,0.225991765947335,-0.104054320043038,-0.184264906233811,0.118484244067958,-0.181128509087784,-0.138135736444517,0.0144012468777364,0.00181371606577845,-0.0813073838892958,-0.250710304773961,-0.235449700885743,-0.112812308982707,0.0254256348421495,-0.0633430521883463,-0.0246283927052335,-0.145786635172805,0.044089169234174,0.0673673107980671
"50",0,0,0,0,0,0,0,0,0,0,0,0.00568420116349539,0,0,0,0,0,0,0,0,0,0,0,0,0,0,0,0,0,0,0,0,0,0,0,0,0,0,0,0,0,0,0,0,0,0,0,-0.222371183033958,0.208146535826452,-0.106604866524001,-0.17412933606524,0.129244347548767,-0.202562000809089,-0.155532172714165,0.0239830547427257,0.000327321413862197,-0.0559156228759761,-0.208076920444693,-0.239108286446088,-0.0853659531253174,0.0318103004003416,-0.0500852625812976,-0.0169695493413734,-0.131318743055851,0.0398712530248432,0.0712380900714421
"51",0,0,0,0,0,0,0,0,0,0,0,0,0,0,0,0,0,0,0,0,0,0,0,0,0,0,0,0,0,0,0,0,0,0,0,0,0,0,0,0,0,0,0,0,0,0,0,-0.280540179108865,0.216077123646416,-0.119883783531694,-0.183027293808081,0.106279298722363,-0.21506262274781,-0.151660506694173,0.0106925510838175,0.00230940181252872,-0.11871706443818,-0.285389659740891,-0.233734755196824,-0.105346246428556,0.0190190587664843,-0.0672521331322256,-0.026968843296104,-0.176338650540891,0.037019301308803,0.0699506573749184
"52",0,0,0,0.0309347052023287,0,0,0,0,0,0,0,0,0,0,0,0,0,0,0,0,0,0,0,0,0,0,0,0,0,0,0,0,0,0,0,0,0,0,0,0,0,0,0,0,0,0,0,-0.271969596896942,0.213589607485231,-0.107786403073545,-0.174868439268048,0.125937467953003,-0.215131392339573,-0.141893951391575,0.0222042205425173,-8.85564798149636e-05,-0.0995885972429473,-0.24954735757143,-0.227339021416483,-0.0791068139078776,0.0196059488801355,-0.0587907866231719,-0.0334768948676082,-0.14433937326497,0.0384348048791805,0.0730825370898239
"53",0,0,0,0,0,0,0,0,0,0,0,0,0,0,0,0,0,0,0,0,0,0,0,0,0,0,0,0,0,0,0,0,0,0,0,0,0,0,0,0,0,0,0,0,0,0,0,-0.24577637991645,0.218671193792393,-0.110933668536011,-0.167868047868937,0.125072493469748,-0.183480336843084,-0.141822121433117,0.027039244600301,0.00135211699494793,-0.0613853325311447,-0.207493248169183,-0.248477609867658,-0.100064776984948,0.0230764146699644,-0.0603899311239764,-0.0236155811432384,-0.183506243595009,0.041697507539849,0.0688163118459752
"54",0,0,0,0.0803429517771321,0,0,0,0.0749131996947546,-0.00951877598714324,0,0,0,0,0,0,0,0,0,0,0.0453665736102781,0,0,0,0,0,0,0,0,0,0,0,0.0018508645743254,0,0,0,0,0.0179351472361313,0,0,0,0,0,0,0,0,0,0,-0.358319286709968,0.182823212465086,-0.107643361621632,-0.241830893054943,0.130509732294335,-0.196228163929307,-0.146865869555159,0.0250114576211296,0.00164030654664019,-0.16832893662355,-0.319090982199935,-0.241997986690932,-0.112892026813786,0.014968331220161,-0.0746013758574828,-0.0198360171696307,-0.157946893172669,0.0397584124041826,0.0773851278183358
"55",0,0,0,0.0689579598297734,0,0,0,0.0435422899039568,-0.0414189649370543,0,0,0,0,0,0,0,0,0,0,0,0,0,0,0.032552190369417,-0.0132723720755563,0,0,0,0,0,0.00515393398520461,0,0,0,0,0,0,0,0,0,0,0,0,0,0,0,0,-0.293879721399709,0.188719795098041,-0.0785358796959891,-0.185415439205423,0.126699823983533,-0.180766754199318,-0.178972892156923,0.0343400454844201,0.000852315738642724,-0.0923548465830664,-0.274574502732383,-0.237120799011336,-0.109996920002075,0.030859036489528,-0.0709428400256862,-0.0300327654255811,-0.134275032236602,0.0588144359167149,0.0664484515769736
"56",0,0,0,0,0,0,0,0,0,0,0,0,0,0,0,0,0,0,0,0,0,0,0,0,0,0,0,0,0,0,0,0,0,0,0,0,0,0,0,0,0,0,0,0,0,0,0,-0.246979153083218,0.216431326879328,-0.112614255226438,-0.18169998465076,0.105068085400105,-0.186361921031763,-0.153828255996998,0.0196818595177969,0.00164864269936697,-0.0836594758644351,-0.254272418969678,-0.229645823290855,-0.100698056588337,0.0202026991019683,-0.0642109588331377,-0.0255941249201639,-0.168826206645693,0.0414710965167691,0.0705567794967874
"57",0,0,0,0,0,0,0,0,0,0,0,0,0,0,0,0,0,0,0,0,0,0,0,0,0,0,0,0,0,0,0,0,0,0,0,0,0,0,0,0,0,0,0,0,0,0,0,-0.26536886454807,0.20526525056682,-0.115232272709723,-0.175272723772606,0.104358989794395,-0.18134099833239,-0.140007814033297,0.024832125555766,0.000869093195445272,-0.0938598702511378,-0.241770309358813,-0.235903214639514,-0.0930686873931788,0.0262108068080388,-0.0530507223057847,-0.0263076387447341,-0.164666278275512,0.0398005596288329,0.0698409617306566
"58",0,0,0,0,0,0,0,0,0,0,0,0,0,0,0,0,0,0,0,0,0,0,0,0,0,0,0,0,0,0,0,0,0,0,0,0,0,0,0,0,0,0,0,0,0,0,0,-0.242256146086677,0.220687293603033,-0.107946298982096,-0.170888107600317,0.122019062320401,-0.185966070807756,-0.155292947354354,0.0217623121742529,0.000958288122676798,-0.0771171529634312,-0.220015803903814,-0.24258110590802,-0.0923469432625448,0.019831068569426,-0.0625497348884338,-0.0259360770678035,-0.156892082659848,0.0403174961986027,0.067281469740043
"59",0,0,0,0,0,0,0,0,0,0,0,0,0,0,0,0,0,0,0,0,0,0,0,0,0,0,0,0,0,0,0,0,0,0,0,0,0,0,0,0,0,0,0,0,0,0,0,-0.232906037813298,0.231583291780765,-0.102552486027274,-0.172654848013641,0.130933926988502,-0.187579686756238,-0.157302109764953,0.00729924621294937,0.000817879137336135,-0.0759056356114505,-0.219576966876435,-0.236122671860281,-0.0935656699433479,0.0252332413094018,-0.0643899600055033,-0.0243820598929017,-0.156072908993295,0.0427130782958623,0.0683046105711005
"60",0,0,0,0,0,0,0,0,0,0,0,0,0,0,0,0,0,0,0,0,0,0,0,0,0,0,0,0,0,0,0,0,0,0,0,0,0,0,0,0,0,0,0,0,0,0,0,-0.235214261693836,0.21654455645763,-0.103314064524358,-0.16869258893605,0.115475586032656,-0.181317604834592,-0.140839848076303,0.0135737843342063,0.000713792742155902,-0.0803652455594568,-0.219309644473487,-0.218237781557926,-0.0839263919841733,0.0187313633242407,-0.0620792148534668,-0.0225233518257553,-0.157728346229552,0.0402598017289825,0.0709276224242882
"61",0,0,0,0,0,0,0,0,0,0,0,0,0,0,0,0,0,0,0,0,0,0,0,0,0,0,0,0,0,0,0,0,0,0,0,0,0,0,0,0,0,0,0,0,0,0,0,-0.291542973439191,0.222078038134931,-0.109017296518083,-0.185952466215632,0.111153385744844,-0.193283669948869,-0.157076370293357,0.018630178271958,0.00140973762578659,-0.143346025585594,-0.306428506871647,-0.244301083086108,-0.0993948830792647,0.0231204580170476,-0.0676432058312869,-0.0321267728505739,-0.144795908774295,0.0382823502706118,0.0706369835153743
"62",0,0,0,0,0,0,0,0,0,0,0,0,0,0,0,0,0,0,0,0.0153742076459647,0,0,0,0,0,0,0,0,0,0,0,0,0,0,0,0,0,0,0,0,0,0,0,0,0,0,0,-0.240859884357204,0.22539477235594,-0.0991993567264965,-0.173841638867574,0.120297175683823,-0.18983567653793,-0.152496620553764,0.0103359303326668,2.59388126612175e-05,-0.0931327951623378,-0.240556544735969,-0.226406986458457,-0.0718660187663097,0.010159581019432,-0.0696657038544509,-0.0301421582449623,-0.146978562514623,0.045123516710462,0.0723963640865342
"63",0,0,0,0,0,0,0,0,0,0,0,0,0,0,0,0,0,0,0,0,0,0,0,0,0,0,0,0,0,0,0,0,0,0,0,0,0,0,0,0,0,0,0,0,0,0,0,-0.244943813310482,0.220464448979123,-0.105347248963103,-0.182174346070611,0.128256192221406,-0.181010530984351,-0.138020147469083,0.0165832727648684,0.0013679727762943,-0.0741496171038237,-0.243320457823752,-0.247271434575295,-0.0971152730108149,0.0292073331317588,-0.0578031456342337,-0.0258495676039092,-0.136993442543516,0.0430087668909528,0.0675954517196459
"64",0,0,0,0,0,0,0,0.01357519833826,0,0,0,0,0,0,0,0,0,0,0,0,0,0,0,0,0,0,0,0,0,0,0,0,0,0,0,0,0,0,0,0,0,0,0,0,0,0,0,-0.250128556333716,0.213574595106742,-0.101214476864458,-0.181155387885576,0.119032109963267,-0.186640794927711,-0.159563352622634,0.0246258083007747,0.000997660244003502,-0.100634721758513,-0.242875163736333,-0.239439303551709,-0.0973719844231914,0.0206909769249843,-0.0612513291554881,-0.0258497455807187,-0.144158980531354,0.0419175405785319,0.0717705618906293
"65",0,0,0,0,0,0,0,0,0,0,0,0,0,0,0,0,0,0,0,0,0,0,0,0,0,0,0,0,0,0,0,0,0,0,0,0,0,0,0,0,0,0,0,0,0,0,0,-0.235958542464144,0.219274234520156,-0.101072611186741,-0.185712042927214,0.114911738881668,-0.186132740774176,-0.154440716078457,0.0133463568279699,0.00173666509062391,-0.0850602387456196,-0.254801876867763,-0.235152092227525,-0.101439998297721,0.0142785923608877,-0.0613850852149397,-0.0264494706793858,-0.143614914715164,0.0448068846238874,0.0721776283771799
"66",0,0,0,0.0194573463279483,0,0,0,0,0,0,0,0,0,0,0,0,0,0,0,0,0,0,0,0,0,0,0,0,0,0,0,0,0,0,0,0,0,0,0,0,0,0,0,0,0,0,0,-0.299057576308896,0.239362209856886,-0.103078272125024,-0.198322159665262,0.126863980171959,-0.210989690668494,-0.153348541265704,-0.0043603319389515,0.00155132605022341,-0.14291289521933,-0.290371882761996,-0.232071434731528,-0.104979457704378,0.0175879006981406,-0.0760705157339843,-0.0255684030626017,-0.19445609433447,0.0462077754228561,0.0701827227148776
"67",0,0,0,0,0,0,0,0,0,0,0,0,0,0,0,0,0,0,0,0,0,0,0,0,0,0,0,0,0,0,0,0,0,0,0,0,0,0,0,0,0,0,0,0,0,0,0,-0.283128115908461,0.230305808028447,-0.100042481408424,-0.187787510581622,0.129830695361244,-0.196839620412434,-0.15379720680364,0.0127970181167237,0.000315519926139221,-0.137063056164468,-0.283093869764334,-0.24316928738864,-0.0931842240373581,0.0159788325217267,-0.0729086038557256,-0.0312917483189845,-0.161836806819222,0.0463187607489445,0.068258291629243
"68",0,0,0,0,0,0,0,0,0,0,0,0,0,0,0,0,0,0,0,0,0,0,0,0,0,0,0,0,0,0,0,0,0,0,0,0,0,0,0,0,0,0,0,0,0,0,0,-0.25407914588411,0.223541706508436,-0.113559916540457,-0.172954177190326,0.127832764472449,-0.193596814398285,-0.163893294930459,0.006087015421907,0.0016313168113085,-0.0867791680786318,-0.229431090789863,-0.240329965450531,-0.105390892497459,0.0214020076478231,-0.0559619173466648,-0.0234901072506164,-0.188129141283565,0.0393501885161644,0.0680931522851824
"69",0,0,0,0.0166472440445072,0,0,0,0,0,0,0,0,0,0,0,0,0,0,0,0,0,0,0,0,0,0,0,0,0,0,0,0,0,0,0,0,0,0,0,0,0,0,0,0,0,0,0,-0.246154226217046,0.221449361662293,-0.0957059153563805,-0.18145534552693,0.116770763381324,-0.18456125309157,-0.150305383329856,0.0353718386986435,0.000547593749107341,-0.0986386390722675,-0.242420132387797,-0.243959505083337,-0.105523066823775,0.0234887991044255,-0.0618223704387324,-0.0305247651150769,-0.132970012021113,0.046216134582481,0.0700467362174551
"70",0,0,0,0,0,0,0,0,0,0,0,0,0,0,0,0,0,0,0,0,0,0,0,0,0,0,0,0,-0.000474288749547216,0,0,0,0,0,0,0,0,0,0,0,0,0,0,0,0,0,0,-0.285392787385333,0.226323882842416,-0.0991256282924261,-0.194830737426494,0.112333496986817,-0.17049017026001,-0.152617200200047,0.00775249459382478,0.000461705917412932,-0.136022942636098,-0.301151544745652,-0.23763339651867,-0.0954530350724736,0.0238925115112569,-0.0699363505122311,-0.0332357317305403,-0.133475572581419,0.0460311717668174,0.0686264747643871
"71",0,0,0,0,0,0,0,0,0,0,0,0,0,0,0,0,0,0,0,0,0,0,0,0,0,0,0,0,0,0,0,0,0,0,0,0,0,0,0,0,0,0,0,0,0,0,0,-0.247065090838504,0.220112859109505,-0.10992043208079,-0.169917283890138,0.127613815950349,-0.18779697158984,-0.153960908579725,0.0175445124403131,0.00123969780727121,-0.0972961358115714,-0.235734594721369,-0.236734238083461,-0.0850061916535586,0.0206463297236798,-0.071313888432662,-0.0302068629982402,-0.153061945605894,0.0375155205525892,0.0695607880982727
"72",0,-0.0348604653166476,0,0.0394713278663874,0,-0.00441255719745647,0,0.124997522925503,-0.0252355838507009,0,0,0,0,-0.0516325462449592,0,0,0,0,0,0.039929414614907,0,0,0,0,0,0,0,0,0,-0.0140175403100075,0.0170948899562258,0.0309932603199042,0,0,0,0,0.0108072875561115,0,0,0,0,0,0,0,0,0,0,-0.416965637813041,0.15068775916972,-0.119479028756644,-0.320115405090098,0.0976683451756643,-0.200729676935003,-0.1537168279061,0.00221982231809148,0.0017674857960818,-0.198243153230928,-0.337243063375608,-0.231981992594051,-0.115755202220761,0.0286302813582354,-0.0558149450706023,-0.00893365182383495,-0.201473710251055,0.0581896051068652,0.0807989123056986
"73",0,0,0,0,0,0,0,0,0,0,0,0,0,0,0,0,0,0,0,0,0,0,0,0,0,0,0,0,0,0,0,0,0,0,0,0,0,0,0,0,0,0,0,0,0,0,0,-0.242942516395301,0.203783241284981,-0.109224836460704,-0.167520224642715,0.115955177363828,-0.179055134006627,-0.136311210207331,0.0333288474218857,0.000865258436156584,-0.0972433544807182,-0.234674679748971,-0.224450997279399,-0.0810854123961684,0.0158907923930527,-0.0562581126356477,-0.0261664400924148,-0.14328547667661,0.0361695670383171,0.0697131553748523
"74",0,-0.0397137454224018,0.0281808186800957,0,0,-0.0294925791491111,0,0.158238231259734,-0.0528487953177072,0,0,0,0,-0.0176551254683043,0,0,0,0,0,0.0965032803304224,-0.0434062447857322,0,0,0,0.00479230442824815,0,0,0,-0.0325732945921382,-0.00381371415959951,0,0.0307993375494178,0,-0.00891955572809328,0,0,0.0110813873457362,0.0382659263544983,0,0,0,0,0,0,0.00436038153231926,0,0,-0.309932069705516,0.0925198606158619,-0.0762098919185245,-0.227159890451222,0.0950026314955743,-0.161328024163079,-0.169585279089969,-0.00545283489298042,0.000789757377541646,-0.191756141927423,-0.341892785138682,-0.181278627291246,-0.0738910555715352,0.0189367470827342,-0.0652607905389407,-0.0295108963662048,-0.111467262142168,0.040993054777207,0.0994337682259458
"75",0,0,0.00936281991197781,0.0119754927676429,0,0,0,0,0,0,0,0,0,0,0,0,0,0,0,0,0,0,0,0,0,0,0,0,0,0,0,0,0,0,0,0,0,0,0,0,0,0,0,0,0,0,0,-0.250784297725554,0.217779328404628,-0.112906844917318,-0.179288974404302,0.126373073633592,-0.18998635954996,-0.141795645667201,0.0118286188419529,0.000509341277161851,-0.0959131493852937,-0.229163898949398,-0.23986900483219,-0.0972161638610107,0.0178877984950067,-0.0640892581720104,-0.0326711773895295,-0.139786974606113,0.0362190783234145,0.070422247205389
"76",0,0,0,0,0,0,0,0.0428157076181939,0,-0.0412464246607199,0,0,0,0,0,0,0,0,0,0,0,0,0,0.0340160138928087,0,0,0,0,-0.0212837080255948,0,0,0,0,0,0,0,0,0,0,0,0,0,0,0,0,0,0,-0.340109393656272,0.168684374920188,-0.149118309693954,-0.222241092870325,0.127767251288412,-0.184062788273607,-0.149569281881529,0.0259125062912646,0.00247312473542397,-0.123905078601088,-0.308354933274557,-0.229382210707076,-0.101357920726749,0.00754001272418841,-0.0789172671272636,-0.0255452545916475,-0.136477193401692,0.0484496956036878,0.0744529800018928
"77",0,0,0,0,0,0,0,0,0,0,0,0,0,0,0,0,0,0,0,0,0,0,0,0,0,0,0,0,0,0,0,0,0,0,0,0,0,0,0,0,0,0,0,0,0,0,0,-0.238652859607726,0.227500701054945,-0.10141706052102,-0.168389160453445,0.133856213997292,-0.18624738962563,-0.161557376697863,0.0109408658064271,0.000236445789579039,-0.0707153162297253,-0.210058425164305,-0.232159733004319,-0.0842902746408085,0.0173482371167534,-0.0629681779039293,-0.0268564209252992,-0.146724269900757,0.0417405369183467,0.0709080323016107
"78",0,0,0,0,0,0,0,0,0,0,0,0,0,0,0,0,0,0,0,0,0,0,0,0,0,0,0,0,0,0,0,0,0,0,0,0,0,0,0,0,0,0,0,0,0,0,0,-0.25597963360769,0.218939644002232,-0.112788024009895,-0.164676844742509,0.121889624924886,-0.188635666023489,-0.146751377293681,0.0150213218019312,0.00212403403300022,-0.0724154159770827,-0.210015324277742,-0.236318987716091,-0.0913476161604856,0.0163318749375041,-0.063225406094308,-0.0254493840656513,-0.20664181173568,0.0407810172349212,0.0706918363694958
"79",0,0,0,0.0253969422193618,0,0,0,0,0,0,0,0,0,0,0,0,0,0,0,0,0,0,0,0,0,0,0,0,0,0,0,0,0,0,0,0,0,0,0,0,0,0,0,0,0,0,0,-0.284717169444287,0.229780531420434,-0.103910648609318,-0.197470793751095,0.113055947817566,-0.197335404787616,-0.145376188894315,0.00605457258091565,0.00202335352221496,-0.124361391630954,-0.293837035661111,-0.259163168559011,-0.124982924959211,0.0208632822884454,-0.0647539753037278,-0.0347973207820741,-0.154286349185399,0.0436858619112194,0.0716517405678672
"80",0,0,0,0.0465810629352677,0,0,0,0,0,0,0,0,0,0,0,0,0,0,0,0,0,0,0,0,0,0,0,0,0,0,0,0,0,0,0,0,0,0,0,0,0,0,0,0,0,0,0,-0.272489196808751,0.225942883786919,-0.102669775112954,-0.210053036019978,0.122781516576774,-0.205669972693802,-0.138860329923672,0.0326831256553381,0.00150794991941181,-0.0852964191275223,-0.252712678902554,-0.243651398253015,-0.116208220593012,0.0233660897201939,-0.0621243322339127,-0.0225589936524904,-0.151782177760265,0.0474308016106385,0.0636153911828519
"81",0,0,0,0,0,0,0,0.00832830186665038,0,0,0,0,0,0,0,0,0,0,0,0,0,0,0,0,0,0,0,0,0,0,0,0,0,0,0,0,0,0,0,0,0,0,0,0,0,0,0,-0.280983884127785,0.215745716115152,-0.105090735178682,-0.190668286203577,0.117844361125524,-0.17124043996976,-0.15843067724089,0.0183430912742567,0.0017883404939222,-0.147668104732084,-0.299513784640172,-0.233855389625912,-0.109597139887455,0.0226408797579292,-0.0599174042343598,-0.0227281106141291,-0.132785369442205,0.039249723942293,0.0696445568420846
"82",0,0,0,0.0133584125756076,0.080129458852283,-0.0878101189685692,0,0.0404186726319198,-0.0401287316814771,-0.0447703567448726,0,0,0,0,0,0,-0.00413295172575506,0,0,0.0282204483064912,0,0,0,0,0,0,0,0,-0.0552385147211001,0,0,0.0456880239302665,0,0,0,0,0,0,0,0,0,0,-0.00484184520746534,0,0,0,0,-0.262383642612382,0.219337531701965,-0.0327511360676827,-0.264628610185564,0.150158245679866,-0.160527704703747,-0.167836588247731,0.0363785212955907,-0.000422800033106085,-0.144517514406489,-0.308351707416602,-0.195024559312555,-0.070298098212548,-0.00587881095833293,-0.0907936574590162,-0.0410590571034339,-0.185617502808849,0.0799885166520375,0.0844731633175954
"83",0,0,0,0,0,0,0,0,0,0,0,0,0,0,0,0,0,0,0,0,0,0,0,0,0,0,0,0,0,0,0,0,0,0,0,0,0,0,0,0,0,0,0,0,0,0,0,-0.235352507433815,0.216941197485393,-0.107558445124196,-0.171488054755804,0.114413592962943,-0.182361400219388,-0.152111284501063,0.0134313200805059,0.000251333369480431,-0.0554623549359956,-0.217566065309311,-0.227869546390978,-0.0987181076161511,0.0192811514979506,-0.0659189487317567,-0.0313738709000954,-0.150644862544331,0.0407784520210749,0.0686690821034185
"84",0,0,0,0,0,0,0,0,0,0,0,0,0,0,0,0,0,0,0,0,0,0,0,0,0,0,0,0,0,0,0,0,0,0,0,0,0,0,0,0,0,0,0,0,0,0,0,-0.265900255353701,0.21588590242207,-0.107342302259855,-0.171678457929121,0.118323808592089,-0.186765532699307,-0.154175412212221,0.0287786283126988,0.00074077009967466,-0.103347792979158,-0.242867431517367,-0.250321730233924,-0.0927350992832468,0.0213248445556212,-0.0600824101530422,-0.0286092209921331,-0.160160878518225,0.0392396668472537,0.0693286227838688
"85",0,0,0,0.124551069556027,0.0726852162856857,-0.017231227999616,0,0.0292753999895056,-0.011312051368359,-0.0267885060190016,0,0,0,0,0,0,-0.0389480112030277,0,0,0.00832697241134242,0,0,0.018451222377071,0.0307059018352021,-0.0131801928578585,0,-0.0173766514955425,0,-0.0286533105990223,0,0.00384510971432478,0.0383722617828232,0,0,0,0,0.0461960704315783,0.00762179310338416,0.0159085375015921,0,0,0,0,0,0,-0.005636064257499,0,-0.387812722414651,0.195801445015785,-0.0883109627107427,-0.282643617912844,0.12976857016523,-0.23484151424979,-0.137118626417232,0.0257171495951721,0.00275127428275099,-0.182145894968425,-0.3674896418609,-0.204229720739163,-0.141825274312956,0.0207412320631969,-0.0661182303021443,-0.0322557741850465,-0.187593727039271,0.0414025282631109,0.0751753483815624
"86",0,0,0,0,0,0,0,0.000410677839813875,0,0,0,0,0,0,0,0,0,0,0,0,0,0,0,0,0,0,0,0,0,0,0,0,0,0,0,0,0,0,0,0,0,0,0,0,0,0,0,-0.250012934771488,0.225738465825023,-0.110440246978186,-0.175023201152143,0.136691073973808,-0.167921666627342,-0.150716059251689,0.00895981095696866,0.0022427298428081,-0.0523580474053934,-0.215572954785592,-0.254704782347945,-0.103010474373265,0.0303072322570407,-0.0585961974272275,-0.0239047180973817,-0.189011624733874,0.0442719100309943,0.069131659002094
"87",0,0,0,0.00426930581450577,0,0,0,0,0,0,0,0,0,0,0,0,0,0,0,0,0,0,0,0,0,0,0,0,0,0,0,0,0,0,0,0,0,0,0,0,0,0,0,0,0,0,0,-0.242548645542139,0.216978722446978,-0.105344205043647,-0.164715412860807,0.128176306491131,-0.186665650678368,-0.15085957938544,0.0160559242346303,0.000155355458869118,-0.0841031038197832,-0.219220725216381,-0.23267333789316,-0.0767873715825969,0.0126752390196488,-0.0604943689881004,-0.0287970181023319,-0.149953174998922,0.0389908712909991,0.0716461642753349
"88",0,0,0,0,0,0,0,0,0,0,0,0,0,0,0,0,0,0,0,0,0,0,0,0,0,0,0,0,0,0,0,0,0,0,0,0,0,0,0,0,0,0,0,0,0,0,0,-0.273627368575661,0.221812245646256,-0.0991713791711902,-0.191694259042021,0.118251137676913,-0.18841286663514,-0.141875035687734,0.0160735558856519,0.000694391262357307,-0.138109689293104,-0.304127436957566,-0.238006094889629,-0.103578137499655,0.0146786151128312,-0.0689662873676435,-0.0356564831385817,-0.118972220641824,0.0422804126312515,0.0683572603473732
"89",0,0,0,0.0332339585415559,0,0,0,0,0,0,0,0,0,0,0,0,0,0,0,0.0050271117227133,0,0,0,0,0,0,0,0,0,0,0,0,0,0,0,0,0,0,0,0,0,0,0,0,0,0,0,-0.267715845056032,0.218932395415889,-0.108525554833417,-0.176918905166522,0.126232110119688,-0.206337635618814,-0.142593757623733,0.00454978420276384,-0.000441891177809649,-0.093646411202656,-0.234805673526052,-0.23622773264644,-0.0861987473911559,0.0114362015395035,-0.0582433629741428,-0.0255739254097468,-0.176597067813051,0.043701075547223,0.0682178363362969
"90",0,0,0,0,0,0,0,0,0,0,0,0,0,0,0,0,0,0,0,0,0,0,0,0,0,0,0,0,0,0,0,0,0,0,0,0,0,0,0,0,0,0,0,0,0,0,0,-0.234308490363047,0.22441034927241,-0.101804827402109,-0.182807168919507,0.116269292592094,-0.19890167496112,-0.14970328907654,0.0304570001227222,0.000809446080691211,-0.0756334017900683,-0.24422783738941,-0.241279782240197,-0.100948449609128,0.0145424255986091,-0.0768311059720783,-0.0317113221168113,-0.146539568164878,0.0473973588779577,0.0674673951046197
"91",0,0,0,0,0,0,0,0,0,0,0,0,0,0,0,0,0,0,0,0,0,0,0,0,0,0,0,0,0,0,0,0,0,0,0,0,0,0,0,0,0,0,0,0,0,0,0,-0.257366706561083,0.219501576216425,-0.107961874310299,-0.173461796471628,0.116127382064857,-0.186546016741948,-0.1556626029488,0.0120279305751984,0.00110786520225896,-0.105903308552637,-0.256701105464895,-0.239356591222061,-0.0871688096583257,0.0218203565427315,-0.0677857446961209,-0.0344212339127904,-0.138317665912109,0.0382148443238377,0.0729767424513117
"92",0,0,0,0,0,0,0,0,0,0,0,0,0,0,0,0,0,0,0,0,0,0,0,0,0,0,0,0,0,0,0,0,0,0,0,0,0,0,0,0,0,0,0,0,0,0,0,-0.262633772970337,0.218936637311095,-0.116841016043075,-0.177115200611958,0.124280753983888,-0.203090794000697,-0.137692716968237,0.0128186017266512,0.00146884440861382,-0.0887237916844894,-0.260202708042943,-0.240900028221563,-0.108165011811565,0.0204427419174134,-0.0671481135473378,-0.0309386683742608,-0.146051605697504,0.0370449108472874,0.0661599206495104
"93",0,0,0,0,0,0,0,0.000775481840256677,0,0,0,0,0,0,0,0,0,0,0,0,0,0,0,0,0,0,0,0,0,0,0,0,0,0,0,0,0,0,0,0,0,0,0,0,0,0,0,-0.247115575643057,0.221359264434192,-0.104858284703245,-0.171807381584574,0.12930814008601,-0.163167934574534,-0.140522957172075,0.0299365377577403,0.000765332382244392,-0.0849381111752745,-0.225086749164155,-0.238408378604251,-0.0931521137013109,0.0230946998738191,-0.0644024663633744,-0.0302144030432894,-0.16674556976673,0.0426477508632965,0.0674069728208019
"94",0,0,0,0,0,0,0,0,0,0,0,0,0,0,0,0,0,0,0,0,0,0,0,0,0,0,0,0,0,0,0,0,0,0,0,0,0,0,0,0,0,0,0,0,0,0,0,-0.250940145204403,0.227098544998612,-0.101017148406084,-0.190566171263416,0.1129921268551,-0.166380473917285,-0.152074888802365,0.00823889739176956,0.00111270147927831,-0.0833773174930631,-0.264266873109863,-0.240271338277405,-0.100871945067621,0.0188682055931001,-0.0675784141174893,-0.0270085359135051,-0.140611566363733,0.0467144214972116,0.0679447769783593
"95",0,0,0,0,0,0,0,0,0,0,0,0,0,0,0,0,0,0,0,0,0,0,0,0,0,0,0,0,0,0,0,0,0,0,0,0,0,0,0,0,0,0,0,0,0,0,0,-0.240501553080032,0.220121984630184,-0.0930324625457696,-0.183644307444826,0.100555153676897,-0.1810278399911,-0.15367600945685,0.0269664166854907,0.00109789624851006,-0.0953600803869493,-0.249360259561789,-0.241930407594251,-0.0967218626031034,0.0204979581534091,-0.0724484398419623,-0.0296436186632231,-0.12764574159376,0.0458412707492309,0.071840664802459
"96",0,0,0,0,0,0,0,0,0,0,0,0,0,0,0,0,0,0,0,0,0,0,0,0,0,0,0,0,0,0,0,0,0,0,0,0,0,0,0,0,0,0,0,0,0,0,0,-0.272403995527089,0.224221200950823,-0.10987893976785,-0.185621443626893,0.106879260191329,-0.192288041403359,-0.156251803310384,0.00577310061324622,0.000866269847633603,-0.138178254847177,-0.29156177654767,-0.22698065249265,-0.0940542482311195,0.0239860516490359,-0.0631358127307804,-0.0307820899431714,-0.157986060338871,0.0412307199807307,0.069352332739925
"97",0,0,0,0.0221728096311547,0,0,0,0.0239765360433288,0,-0.0482530134097498,0,0,0,0,0,0,0,0,0,0,0,0,0,0,0,0,0,0,0,0,0,0,0,0,0,0,0,0,0,0,0,0,0,0,0,0,0,-0.279197103374437,0.22256108685816,-0.0950374253257115,-0.192457356893207,0.133256813784215,-0.175164251600389,-0.149569090904552,0.0169412143195236,0.000546889045821586,-0.128885746706562,-0.277863024497503,-0.24117537994841,-0.09761625844538,0.0124464578621386,-0.0658589443809702,-0.0347241785168836,-0.131711837104138,0.0461128909927681,0.0733650733832753
"98",0,0,0,0,0,0,0,0,0,0,0,0,0,0,0,0,0,0,0,0,0,0,0,0,0,0,0,0,0,0,0,0,0,0,0,0,0,0,0,0,0,0,0,0,0,0,0,-0.249683650590854,0.217055001731115,-0.105580258868052,-0.173501763867288,0.138395676454965,-0.205386394170826,-0.150055267779971,0.0223899644804383,-0.000121820117808607,-0.102585280636487,-0.236088967399251,-0.229829874012378,-0.0776509895565585,0.0246874906546194,-0.0565568814448618,-0.0227434765319452,-0.133854929142969,0.0401293529869446,0.0696413622395558
"99",0,0,0,0,0,0,0,0,0,0,0,0,0,0,0,0,0,0,0,0,0,0,0,0,0,0,0,0,0,0,0,0,0,0,0,0,0,0,0,0,0,0,0,0,0,0,0,-0.289532081445801,0.236273149345181,-0.100552712698451,-0.187346001626343,0.118260768471671,-0.18343129161731,-0.160914310172372,0.00895297066680623,0.00140206037929039,-0.128617126931024,-0.281345752587051,-0.241680902128828,-0.0920409069420468,0.0180722960030009,-0.0797298410271627,-0.0337373312416694,-0.18105761071741,0.0465682738004669,0.0674902362620935
"100",0,0,0,0,0,0,0,0,0,0,0,0,0,0,0,0,0,0,0,0,0,0,0,0,0,0,0,0,0,0,0,0,0,0,0,0,0,0,0,0,0,0,0,0,0,0,0,-0.26954818128359,0.204762178673849,-0.109925202519649,-0.173599362293108,0.10537028656274,-0.184028235076828,-0.142783105851973,0.0283644726211152,0.000232861250993645,-0.0754728257908517,-0.239209126643508,-0.241268503417136,-0.0692054483050907,0.0201774063303584,-0.0616141564467639,-0.0321762018421324,-0.181449771717859,0.0436476134755056,0.0673434786811045
